asset	estimated_return
AAPL	0.015442019559392162
SPY	0.019666499607272826
TSLA	0.025312903732127173
AMZN	0.02806082932797241
MSFT	0.02331794170380932
NVDA	0.06863616416005033
