	AAPL	SPY	TSLA	AMZN	MSFT	NVDA
AAPL	0.003626732438555091	0.0008322134236185777	0.0032545003635156356	0.0004485027652727775	0.00038907764431982003	0.000961802797035554
SPY	0.0008322134236185777	0.0012923203595075765	0.002420863290435212	0.001665855715501556	0.0014877629077987384	0.002839565730386119
TSLA	0.0032545003635156356	0.002420863290435212	0.026703445384803893	0.0055714578676278916	0.0022169711996632767	-0.0003834167044782337
AMZN	0.0004485027652727775	0.001665855715501556	0.0055714578676278916	0.004512436874685963	0.002875167800083963	0.0038978785198906006
MSFT	0.00038907764431982003	0.0014877629077987384	0.0022169711996632767	0.002875167800083963	0.0040444563199833715	0.004913895535503201
NVDA	0.000961802797035554	0.002839565730386119	-0.0003834167044782337	0.0038978785198906006	0.004913895535503201	0.01452258969725883
