asset	allocation
AAPL	0.141365995932253
SPY	0.858629949104406
TSLA	3.845598361e-06
AMZN	2.0936498e-07
MSFT	0.0
NVDA	0.0
