asset	allocation
AAPL	0.141370142941403
SPY	0.858629857058597
TSLA	0.0
AMZN	0.0
MSFT	0.0
NVDA	0.0
